{
    "loss": 0.28632330894470215,
    "accuracy": 0.8793103694915771
}